Bartosz;Celiñski;1someMail@meil.com
Bartosz;Celiñski;2someMail@meil.com
Bartosz;Celiñski;3someMail@meil.com
Bartosz;Celiñski;4someMail@meil.com
Bartosz;Celiñski;5someMail@meil.com
Bartosz;Celiñski;6someMail@meil.com
Bartosz;Celiñski;7someMail@meil.com
Bartosz;Celiñski;8someMail@meil.com
Bartosz;Celiñski;9someMail@meil.com
Bartosz;Celiñski;10someMail@meil.com
Bartosz;Celiñski;11someMail@meil.com
Bartosz;Celiñski;12someMail@meil.com
Bartosz;Celiñski;13someMail@meil.com
Bartosz;Celiñski;14someMail@meil.com
Bartosz;Celiñski;15someMail@meil.com
Bartosz;Celiñski;16someMail@meil.com
Bartosz;Celiñski;17someMail@meil.com
Bartosz;Celiñski;18someMail@meil.com
Bartosz;Celiñski;19someMail@meil.com
Bartosz;Celiñski;20someMail@meil.com
Bartosz;Celiñski;21someMail@meil.com
Bartosz;Celiñski;22someMail@meil.com
Bartosz;Celiñski;23someMail@meil.com
Bartosz;Celiñski;24someMail@meil.com
Bartosz;Celiñski;25someMail@meil.com
Bartosz;Celiñski;26someMail@meil.com
Bartosz;Celiñski;27someMail@meil.com
Bartosz;Celiñski;28someMail@meil.com
Bartosz;Celiñski;29someMail@meil.com
Bartosz;Celiñski;30someMail@meil.com
Bartosz;Celiñski;31someMail@meil.com
Bartosz;Celiñski;32someMail@meil.com
Bartosz;Celiñski;33someMail@meil.com
Bartosz;Celiñski;34someMail@meil.com
Bartosz;Celiñski;35someMail@meil.com
Bartosz;Celiñski;36someMail@meil.com
Bartosz;Celiñski;37someMail@meil.com
Bartosz;Celiñski;38someMail@meil.com
Bartosz;Celiñski;39someMail@meil.com
Bartosz;Celiñski;40someMail@meil.com
Bartosz;Celiñski;41someMail@meil.com
Bartosz;Celiñski;42someMail@meil.com
Bartosz;Celiñski;43someMail@meil.com
Bartosz;Celiñski;44someMail@meil.com
Bartosz;Celiñski;45someMail@meil.com
Bartosz;Celiñski;46someMail@meil.com
Bartosz;Celiñski;47someMail@meil.com
Bartosz;Celiñski;48someMail@meil.com
Bartosz;Celiñski;49someMail@meil.com
Bartosz;Celiñski;50someMail@meil.com
Bartosz;Celiñski;51someMail@meil.com
Bartosz;Celiñski;52someMail@meil.com
Bartosz;Celiñski;53someMail@meil.com
Bartosz;Celiñski;54someMail@meil.com
Bartosz;Celiñski;55someMail@meil.com
Bartosz;Celiñski;56someMail@meil.com
Bartosz;Celiñski;57someMail@meil.com
Bartosz;Celiñski;58someMail@meil.com
Bartosz;Celiñski;59someMail@meil.com
Bartosz;Celiñski;60someMail@meil.com
Bartosz;Celiñski;61someMail@meil.com
Bartosz;Celiñski;62someMail@meil.com
Bartosz;Celiñski;63someMail@meil.com
Bartosz;Celiñski;64someMail@meil.com
Bartosz;Celiñski;65someMail@meil.com
Bartosz;Celiñski;66someMail@meil.com
Bartosz;Celiñski;67someMail@meil.com
Bartosz;Celiñski;68someMail@meil.com
Bartosz;Celiñski;69someMail@meil.com
Bartosz;Celiñski;70someMail@meil.com
Bartosz;Celiñski;71someMail@meil.com
Bartosz;Celiñski;72someMail@meil.com
Bartosz;Celiñski;73someMail@meil.com
Bartosz;Celiñski;74someMail@meil.com
Bartosz;Celiñski;75someMail@meil.com
Bartosz;Celiñski;76someMail@meil.com
Bartosz;Celiñski;77someMail@meil.com
Bartosz;Celiñski;78someMail@meil.com
Bartosz;Celiñski;79someMail@meil.com
Bartosz;Celiñski;80someMail@meil.com
Bartosz;Celiñski;81someMail@meil.com
Bartosz;Celiñski;82someMail@meil.com
Bartosz;Celiñski;83someMail@meil.com
Bartosz;Celiñski;84someMail@meil.com
Bartosz;Celiñski;85someMail@meil.com
Bartosz;Celiñski;86someMail@meil.com
Bartosz;Celiñski;87someMail@meil.com
Bartosz;Celiñski;88someMail@meil.com
Bartosz;Celiñski;89someMail@meil.com
Bartosz;Celiñski;90someMail@meil.com
Bartosz;Celiñski;91someMail@meil.com
Bartosz;Celiñski;92someMail@meil.com
Bartosz;Celiñski;93someMail@meil.com
Bartosz;Celiñski;94someMail@meil.com
Bartosz;Celiñski;95someMail@meil.com
Bartosz;Celiñski;96someMail@meil.com
Bartosz;Celiñski;97someMail@meil.com
Bartosz;Celiñski;98someMail@meil.com
Bartosz;Celiñski;99someMail@meil.com
Bartosz;Celiñski;100someMail@meil.com
Bartosz;Celiñski;101someMail@meil.com
Bartosz;Celiñski;102someMail@meil.com
Bartosz;Celiñski;103someMail@meil.com
Bartosz;Celiñski;104someMail@meil.com
Bartosz;Celiñski;105someMail@meil.com
Bartosz;Celiñski;106someMail@meil.com
Bartosz;Celiñski;107someMail@meil.com
Bartosz;Celiñski;108someMail@meil.com
Bartosz;Celiñski;109someMail@meil.com
Bartosz;Celiñski;110someMail@meil.com
Bartosz;Celiñski;111someMail@meil.com
Bartosz;Celiñski;112someMail@meil.com
Bartosz;Celiñski;113someMail@meil.com
Bartosz;Celiñski;114someMail@meil.com
Bartosz;Celiñski;115someMail@meil.com
Bartosz;Celiñski;116someMail@meil.com
Bartosz;Celiñski;117someMail@meil.com
Bartosz;Celiñski;118someMail@meil.com
Bartosz;Celiñski;119someMail@meil.com
Bartosz;Celiñski;120someMail@meil.com
Bartosz;Celiñski;121someMail@meil.com
Bartosz;Celiñski;122someMail@meil.com
Bartosz;Celiñski;123someMail@meil.com
Bartosz;Celiñski;124someMail@meil.com
Bartosz;Celiñski;125someMail@meil.com
Bartosz;Celiñski;126someMail@meil.com
Bartosz;Celiñski;127someMail@meil.com
Bartosz;Celiñski;128someMail@meil.com
Bartosz;Celiñski;129someMail@meil.com
Bartosz;Celiñski;130someMail@meil.com
Bartosz;Celiñski;131someMail@meil.com
Bartosz;Celiñski;132someMail@meil.com
Bartosz;Celiñski;133someMail@meil.com
Bartosz;Celiñski;134someMail@meil.com
Bartosz;Celiñski;135someMail@meil.com
Bartosz;Celiñski;136someMail@meil.com
Bartosz;Celiñski;137someMail@meil.com
Bartosz;Celiñski;138someMail@meil.com
Bartosz;Celiñski;139someMail@meil.com
Bartosz;Celiñski;140someMail@meil.com
Bartosz;Celiñski;141someMail@meil.com
Bartosz;Celiñski;142someMail@meil.com
Bartosz;Celiñski;143someMail@meil.com
Bartosz;Celiñski;144someMail@meil.com
Bartosz;Celiñski;145someMail@meil.com
Bartosz;Celiñski;146someMail@meil.com
Bartosz;Celiñski;147someMail@meil.com
Bartosz;Celiñski;148someMail@meil.com
Bartosz;Celiñski;149someMail@meil.com
Bartosz;Celiñski;150someMail@meil.com
Bartosz;Celiñski;151someMail@meil.com
Bartosz;Celiñski;152someMail@meil.com
Bartosz;Celiñski;153someMail@meil.com
Bartosz;Celiñski;154someMail@meil.com
Bartosz;Celiñski;155someMail@meil.com
Bartosz;Celiñski;156someMail@meil.com
Bartosz;Celiñski;157someMail@meil.com
Bartosz;Celiñski;158someMail@meil.com
Bartosz;Celiñski;159someMail@meil.com
Bartosz;Celiñski;160someMail@meil.com
Bartosz;Celiñski;161someMail@meil.com
Bartosz;Celiñski;162someMail@meil.com
Bartosz;Celiñski;163someMail@meil.com
Bartosz;Celiñski;164someMail@meil.com
Bartosz;Celiñski;165someMail@meil.com
Bartosz;Celiñski;166someMail@meil.com
Bartosz;Celiñski;167someMail@meil.com
Bartosz;Celiñski;168someMail@meil.com
Bartosz;Celiñski;169someMail@meil.com
Bartosz;Celiñski;170someMail@meil.com
Bartosz;Celiñski;171someMail@meil.com
Bartosz;Celiñski;172someMail@meil.com
Bartosz;Celiñski;173someMail@meil.com
Bartosz;Celiñski;174someMail@meil.com
Bartosz;Celiñski;175someMail@meil.com
Bartosz;Celiñski;176someMail@meil.com
Bartosz;Celiñski;177someMail@meil.com
Bartosz;Celiñski;178someMail@meil.com
Bartosz;Celiñski;179someMail@meil.com
Bartosz;Celiñski;180someMail@meil.com
Bartosz;Celiñski;181someMail@meil.com
Bartosz;Celiñski;182someMail@meil.com
Bartosz;Celiñski;183someMail@meil.com
Bartosz;Celiñski;184someMail@meil.com
Bartosz;Celiñski;185someMail@meil.com
Bartosz;Celiñski;186someMail@meil.com
Bartosz;Celiñski;187someMail@meil.com
Bartosz;Celiñski;188someMail@meil.com
Bartosz;Celiñski;189someMail@meil.com
Bartosz;Celiñski;190someMail@meil.com
Bartosz;Celiñski;191someMail@meil.com
Bartosz;Celiñski;192someMail@meil.com
Bartosz;Celiñski;193someMail@meil.com
Bartosz;Celiñski;194someMail@meil.com
Bartosz;Celiñski;195someMail@meil.com
Bartosz;Celiñski;196someMail@meil.com
Bartosz;Celiñski;197someMail@meil.com
Bartosz;Celiñski;198someMail@meil.com
Bartosz;Celiñski;199someMail@meil.com
Bartosz;Celiñski;200someMail@meil.com
Bartosz;Celiñski;201someMail@meil.com
Bartosz;Celiñski;202someMail@meil.com
Bartosz;Celiñski;203someMail@meil.com
Bartosz;Celiñski;204someMail@meil.com
Bartosz;Celiñski;205someMail@meil.com
Bartosz;Celiñski;206someMail@meil.com
Bartosz;Celiñski;207someMail@meil.com
Bartosz;Celiñski;208someMail@meil.com
Bartosz;Celiñski;209someMail@meil.com
Bartosz;Celiñski;210someMail@meil.com
Bartosz;Celiñski;211someMail@meil.com
Bartosz;Celiñski;212someMail@meil.com
Bartosz;Celiñski;213someMail@meil.com
Bartosz;Celiñski;214someMail@meil.com
Bartosz;Celiñski;215someMail@meil.com
Bartosz;Celiñski;216someMail@meil.com
Bartosz;Celiñski;217someMail@meil.com
Bartosz;Celiñski;218someMail@meil.com
Bartosz;Celiñski;219someMail@meil.com
Bartosz;Celiñski;220someMail@meil.com
Bartosz;Celiñski;221someMail@meil.com
Bartosz;Celiñski;222someMail@meil.com
Bartosz;Celiñski;223someMail@meil.com
Bartosz;Celiñski;224someMail@meil.com
Bartosz;Celiñski;225someMail@meil.com
Bartosz;Celiñski;226someMail@meil.com
Bartosz;Celiñski;227someMail@meil.com
Bartosz;Celiñski;228someMail@meil.com
Bartosz;Celiñski;229someMail@meil.com
Bartosz;Celiñski;230someMail@meil.com
Bartosz;Celiñski;231someMail@meil.com
Bartosz;Celiñski;232someMail@meil.com
Bartosz;Celiñski;233someMail@meil.com
Bartosz;Celiñski;234someMail@meil.com
Bartosz;Celiñski;235someMail@meil.com
Bartosz;Celiñski;236someMail@meil.com
Bartosz;Celiñski;237someMail@meil.com
Bartosz;Celiñski;238someMail@meil.com
Bartosz;Celiñski;239someMail@meil.com
Bartosz;Celiñski;240someMail@meil.com
Bartosz;Celiñski;241someMail@meil.com
Bartosz;Celiñski;242someMail@meil.com
Bartosz;Celiñski;243someMail@meil.com
Bartosz;Celiñski;244someMail@meil.com
Bartosz;Celiñski;245someMail@meil.com
Bartosz;Celiñski;246someMail@meil.com
Bartosz;Celiñski;247someMail@meil.com
Bartosz;Celiñski;248someMail@meil.com
Bartosz;Celiñski;249someMail@meil.com
Bartosz;Celiñski;250someMail@meil.com
Bartosz;Celiñski;251someMail@meil.com
Bartosz;Celiñski;252someMail@meil.com
Bartosz;Celiñski;253someMail@meil.com
Bartosz;Celiñski;254someMail@meil.com
Bartosz;Celiñski;255someMail@meil.com
Bartosz;Celiñski;256someMail@meil.com
Bartosz;Celiñski;257someMail@meil.com
Bartosz;Celiñski;258someMail@meil.com
Bartosz;Celiñski;259someMail@meil.com
Bartosz;Celiñski;260someMail@meil.com
Bartosz;Celiñski;261someMail@meil.com
Bartosz;Celiñski;262someMail@meil.com
Bartosz;Celiñski;263someMail@meil.com
Bartosz;Celiñski;264someMail@meil.com
Bartosz;Celiñski;265someMail@meil.com
Bartosz;Celiñski;266someMail@meil.com
Bartosz;Celiñski;267someMail@meil.com
Bartosz;Celiñski;268someMail@meil.com
Bartosz;Celiñski;269someMail@meil.com
Bartosz;Celiñski;270someMail@meil.com
Bartosz;Celiñski;271someMail@meil.com
Bartosz;Celiñski;272someMail@meil.com
Bartosz;Celiñski;273someMail@meil.com
Bartosz;Celiñski;274someMail@meil.com
Bartosz;Celiñski;275someMail@meil.com
Bartosz;Celiñski;276someMail@meil.com
Bartosz;Celiñski;277someMail@meil.com
Bartosz;Celiñski;278someMail@meil.com
Bartosz;Celiñski;279someMail@meil.com
Bartosz;Celiñski;280someMail@meil.com
Bartosz;Celiñski;281someMail@meil.com
Bartosz;Celiñski;282someMail@meil.com
Bartosz;Celiñski;283someMail@meil.com
Bartosz;Celiñski;284someMail@meil.com
Bartosz;Celiñski;285someMail@meil.com
Bartosz;Celiñski;286someMail@meil.com
Bartosz;Celiñski;287someMail@meil.com
Bartosz;Celiñski;288someMail@meil.com
Bartosz;Celiñski;289someMail@meil.com
Bartosz;Celiñski;290someMail@meil.com
Bartosz;Celiñski;291someMail@meil.com
Bartosz;Celiñski;292someMail@meil.com
Bartosz;Celiñski;293someMail@meil.com
Bartosz;Celiñski;294someMail@meil.com
Bartosz;Celiñski;295someMail@meil.com
Bartosz;Celiñski;296someMail@meil.com
Bartosz;Celiñski;297someMail@meil.com
Bartosz;Celiñski;298someMail@meil.com
Bartosz;Celiñski;299someMail@meil.com
Bartosz;Celiñski;300someMail@meil.com
